trade_id,market_id,token_id,outcome,entry_date,exit_date,entry_price,exit_price,size,pnl,return_pct,holding_period_days,reason
0,916438,23102146416485852439758793112909967183319639847646393071767359411448615747651,Yes,2026-01-02,2026-01-15,0.075,0.9995,1.0,0.9245000000000001,1232.6666666666667,13,Market resolved
1,1029717,33407557993631113658633613061665710615033374245219106000531554537162088874341,Yes,2025-12-29,2026-01-16,0.625,0.9995,1.0,0.37450000000000006,59.92000000000001,18,Market resolved
2,1090801,27063779578537475086557412243821486526688305023710517618594225497553184951856,Yes,2026-01-18,2026-01-19,0.0005,0.0005,1.0,0.0,0.0,1,Market resolved
3,1199463,20760943051515318732025081852411257793444051370439316571328184813806489244380,Yes,2026-01-20,2026-01-23,0.08,0.0005,1.0,-0.0795,-99.375,3,Market resolved
4,1169251,63574702992615832199008306713087156256709366378482822190246132716297363017695,Yes,2026-01-14,2026-01-24,0.265,0.9995,1.0,0.7345,277.1698113207547,10,Market resolved
5,1199463,20760943051515318732025081852411257793444051370439316571328184813806489244380,Yes,2026-01-23,2026-01-24,0.0055,0.0005,1.0,-0.004999999999999999,-90.90909090909089,1,Market resolved
6,1006892,34254338241290516754163779889987574790033932358499741518448025208727830568442,Yes,2026-01-23,2026-01-24,0.545,0.57,1.0,0.02499999999999991,4.587155963302736,1,Market resolved
7,1249612,28193180481221014942741393856832109250523811339963257781930169422323363802311,Yes,2026-01-23,2026-01-24,0.185,0.215,1.0,0.03,16.216216216216218,1,Market resolved
8,1199463,20760943051515318732025081852411257793444051370439316571328184813806489244380,Yes,2026-01-24,2026-01-25,0.0005,0.0005,1.0,0.0,0.0,1,Market resolved
9,1006892,34254338241290516754163779889987574790033932358499741518448025208727830568442,Yes,2026-01-24,2026-01-25,0.535,0.555,1.0,0.020000000000000018,3.738317757009349,1,Market resolved
10,1249612,28193180481221014942741393856832109250523811339963257781930169422323363802311,Yes,2026-01-24,2026-01-25,0.215,0.225,1.0,0.010000000000000009,4.651162790697678,1,Market resolved
11,1006892,34254338241290516754163779889987574790033932358499741518448025208727830568442,Yes,2026-01-25,2026-01-26,0.57,0.555,1.0,-0.014999999999999902,-2.6315789473684044,1,Market resolved
12,1249612,28193180481221014942741393856832109250523811339963257781930169422323363802311,Yes,2026-01-25,2026-01-26,0.215,0.235,1.0,0.01999999999999999,9.302325581395344,1,Market resolved
13,1006892,34254338241290516754163779889987574790033932358499741518448025208727830568442,Yes,2026-01-26,2026-01-27,0.555,0.565,1.0,0.009999999999999898,1.8018018018017834,1,Market resolved
14,1249612,28193180481221014942741393856832109250523811339963257781930169422323363802311,Yes,2026-01-26,2026-01-27,0.225,0.295,1.0,0.06999999999999998,31.1111111111111,1,Market resolved
15,1006892,34254338241290516754163779889987574790033932358499741518448025208727830568442,Yes,2026-01-27,2026-01-28,0.55,0.53,1.0,-0.020000000000000018,-3.636363636363639,1,Market resolved
16,1249612,28193180481221014942741393856832109250523811339963257781930169422323363802311,Yes,2026-01-27,2026-01-28,0.235,0.25,1.0,0.015000000000000013,6.382978723404261,1,Market resolved
17,1006892,34254338241290516754163779889987574790033932358499741518448025208727830568442,Yes,2026-01-28,2026-01-29,0.565,0.495,1.0,-0.06999999999999995,-12.389380530973444,1,Market resolved
18,1249612,28193180481221014942741393856832109250523811339963257781930169422323363802311,Yes,2026-01-28,2026-01-29,0.295,0.135,1.0,-0.15999999999999998,-54.23728813559322,1,Market resolved
19,1006892,34254338241290516754163779889987574790033932358499741518448025208727830568442,Yes,2026-01-29,2026-01-30,0.52,0.51,1.0,-0.010000000000000009,-1.9230769230769247,1,Market resolved
20,1249612,28193180481221014942741393856832109250523811339963257781930169422323363802311,Yes,2026-01-29,2026-01-30,0.245,0.125,1.0,-0.12,-48.97959183673469,1,Market resolved
21,898158,97096867818443035903034754988462815062031529438411423419311569171727062403843,Yes,2025-12-08,2026-01-31,0.76,0.9995,1.0,0.23950000000000005,31.51315789473685,54,Market resolved
22,898160,80356668857441368118108132832730890073741532249823143975204879916422400139391,Yes,2025-12-08,2026-01-31,0.745,0.9995,1.0,0.25450000000000006,34.161073825503365,54,Market resolved
23,898162,66410765135160915376124046986241081497451635207255295727450487710647443755656,Yes,2025-12-08,2026-01-31,0.795,0.9995,1.0,0.20450000000000002,25.72327044025157,54,Market resolved
24,916440,24918067747661759048720135607687934209172945708698786072564741153847301974566,Yes,2025-12-18,2026-01-31,0.185,0.9995,1.0,0.8145,440.27027027027026,44,Market resolved
25,1029716,106884515767269588734555617532315526381836778103037489818740663974192289985724,Yes,2025-12-29,2026-01-31,0.695,0.9995,1.0,0.3045000000000001,43.81294964028779,33,Market resolved
26,916439,46918598909292694444950279432364422384724475642321370138619411068035692116555,Yes,2026-01-02,2026-01-31,0.145,0.9995,1.0,0.8545,589.3103448275863,29,Market resolved
27,1106788,52472298363004668794598080911083049788694136003657179452761762091351614449151,Yes,2026-01-04,2026-01-31,0.61,0.175,1.0,-0.435,-71.31147540983606,27,Market resolved
28,1096654,51878035462996711190347729996953544329131746840227246700065891983467379533591,Yes,2026-01-04,2026-01-31,0.305,0.0005,1.0,-0.3045,-99.8360655737705,27,Market resolved
29,1096705,18498238527984104601969257452760233810505745056968645123342132898405848755143,Yes,2026-01-04,2026-01-31,0.065,0.0005,1.0,-0.0645,-99.23076923076923,27,Market resolved
30,1083341,36764945907811066327215635533184432572948986091337191322769360341276999457940,Yes,2026-01-05,2026-01-31,0.32,0.0005,1.0,-0.3195,-99.84375,26,Market resolved
31,1114203,58666081457452123071476139634332891476715925884321395261699223982391126858165,Yes,2026-01-05,2026-01-31,0.51,0.355,1.0,-0.15500000000000003,-30.3921568627451,26,Market resolved
32,1060078,1367427231774633319542137595632212729512127291834630744672911087888260990314,Yes,2026-01-05,2026-01-31,0.735,0.655,1.0,-0.07999999999999996,-10.884353741496595,26,Market resolved
33,1083336,48543393364212319981534488693222132298630392359251973965938862053511832708476,Yes,2026-01-08,2026-01-31,0.0295,0.0005,1.0,-0.028999999999999998,-98.3050847457627,23,Market resolved
34,1060098,34209947877876806910533412628370374582441771025644641844773112474154004502963,Yes,2026-01-09,2026-01-31,0.1285,0.0005,1.0,-0.128,-99.61089494163424,22,Market resolved
35,1114178,24733953497712082770237042139749424666613671296220948608470320200425212950821,Yes,2026-01-09,2026-01-31,0.575,0.31,1.0,-0.26499999999999996,-46.086956521739125,22,Market resolved
36,1114211,43504959822961315259946064084809085028510618412040094592200175423358107757920,Yes,2026-01-09,2026-01-31,0.4,0.14,1.0,-0.26,-65.0,22,Market resolved
37,1129059,69053680430731336034068222590528465876534887148350517022668675775569091495679,Yes,2026-01-09,2026-01-31,0.845,0.9995,1.0,0.15450000000000008,18.284023668639062,22,Market resolved
38,1129058,74364679100594735170939881282836219265243185506751758952551539173411917853497,Yes,2026-01-09,2026-01-31,0.63,0.9995,1.0,0.36950000000000005,58.65079365079365,22,Market resolved
39,1060097,63385084764887301746564549648131481509686683766067790521581317414688492773840,Yes,2026-01-12,2026-01-31,0.008,0.0005,1.0,-0.0075,-93.75,19,Market resolved
40,1169252,31121469069741021615973034339570190757375244083694589223491680891134303711607,Yes,2026-01-14,2026-01-31,0.5,0.9995,1.0,0.49950000000000006,99.9,17,Market resolved
41,1170478,30333067970031996836392916492140182773714033293964556728853668698859882595740,Yes,2026-01-15,2026-01-31,0.51,0.0005,1.0,-0.5095000000000001,-99.90196078431374,16,Market resolved
42,1170479,48946995695157612763024429171577566181118448282830565614457839914617404524764,Yes,2026-01-15,2026-01-31,0.645,0.0005,1.0,-0.6445000000000001,-99.92248062015506,16,Market resolved
43,1170477,21273618278447297905451078545873346536721350275610989399202339315465398879295,Yes,2026-01-18,2026-01-31,0.0005,0.0005,1.0,0.0,0.0,13,Market resolved
44,1270849,86722899753432666140745518944356631519179123494135314682112005615591477449761,Yes,2026-01-26,2026-01-31,0.715,0.76,1.0,0.04500000000000004,6.2937062937062995,5,Market resolved
45,1273325,23516441461730128267629627663153476623040407870265126727980696194615170851571,Yes,2026-01-26,2026-01-31,0.475,0.44,1.0,-0.034999999999999976,-7.368421052631574,5,Market resolved
46,1029702,112133234854521785457408503641520959092741251821516800597326657537408357136277,Yes,2026-01-29,2026-01-31,0.025,0.013,1.0,-0.012000000000000002,-48.00000000000001,2,Market resolved
47,1006892,34254338241290516754163779889987574790033932358499741518448025208727830568442,Yes,2026-01-30,2026-01-31,0.495,0.5,1.0,0.0050000000000000044,1.010101010101011,1,Market resolved
48,1249612,28193180481221014942741393856832109250523811339963257781930169422323363802311,Yes,2026-01-30,2026-01-31,0.145,0.13,1.0,-0.014999999999999986,-10.344827586206886,1,Market resolved
49,1029702,112133234854521785457408503641520959092741251821516800597326657537408357136277,Yes,2026-01-31,2026-02-01,0.0265,0.0005,1.0,-0.026,-98.11320754716981,1,Market resolved
50,1114203,58666081457452123071476139634332891476715925884321395261699223982391126858165,Yes,2026-01-31,2026-02-01,0.42,0.305,1.0,-0.11499999999999999,-27.38095238095238,1,Market resolved
51,1060078,1367427231774633319542137595632212729512127291834630744672911087888260990314,Yes,2026-01-31,2026-02-01,0.57,0.605,1.0,0.03500000000000003,6.140350877192988,1,Market resolved
52,1060079,46181794083002436465939609015583073685673429795205878893252688094989362845449,Yes,2026-01-31,2026-02-01,0.0005,0.0005,1.0,0.0,0.0,1,Market resolved
53,1270849,86722899753432666140745518944356631519179123494135314682112005615591477449761,Yes,2026-01-31,2026-02-01,0.72,0.83,1.0,0.10999999999999999,15.277777777777777,1,Market resolved
54,1273325,23516441461730128267629627663153476623040407870265126727980696194615170851571,Yes,2026-01-31,2026-02-01,0.565,0.42,1.0,-0.14499999999999996,-25.663716814159287,1,Market resolved
55,1249141,106411063005263481327004901286135857173682677633159645291660836307215293494633,Yes,2026-01-31,2026-02-01,0.0045,0.0005,1.0,-0.004,-88.8888888888889,1,Market resolved
56,1006892,34254338241290516754163779889987574790033932358499741518448025208727830568442,Yes,2026-01-31,2026-02-01,0.505,0.455,1.0,-0.04999999999999999,-9.9009900990099,1,Market resolved
57,1249612,28193180481221014942741393856832109250523811339963257781930169422323363802311,Yes,2026-01-31,2026-02-01,0.14,0.105,1.0,-0.03500000000000002,-25.00000000000001,1,Market resolved
58,1029702,112133234854521785457408503641520959092741251821516800597326657537408357136277,Yes,2026-02-01,2026-02-02,0.004,0.0005,1.0,-0.0035,-87.5,1,Market resolved
59,1114203,58666081457452123071476139634332891476715925884321395261699223982391126858165,Yes,2026-02-01,2026-02-02,0.345,0.295,1.0,-0.04999999999999999,-14.492753623188403,1,Market resolved
60,1060078,1367427231774633319542137595632212729512127291834630744672911087888260990314,Yes,2026-02-01,2026-02-02,0.655,0.58,1.0,-0.07500000000000007,-11.450381679389322,1,Market resolved
61,1060079,46181794083002436465939609015583073685673429795205878893252688094989362845449,Yes,2026-02-01,2026-02-02,0.0005,0.0005,1.0,0.0,0.0,1,Market resolved
62,1270849,86722899753432666140745518944356631519179123494135314682112005615591477449761,Yes,2026-02-01,2026-02-02,0.76,0.915,1.0,0.15500000000000003,20.394736842105267,1,Market resolved
63,1273325,23516441461730128267629627663153476623040407870265126727980696194615170851571,Yes,2026-02-01,2026-02-02,0.42,0.68,1.0,0.26000000000000006,61.90476190476192,1,Market resolved
64,1249141,106411063005263481327004901286135857173682677633159645291660836307215293494633,Yes,2026-02-01,2026-02-02,0.0005,0.0005,1.0,0.0,0.0,1,Market resolved
65,1006892,34254338241290516754163779889987574790033932358499741518448025208727830568442,Yes,2026-02-01,2026-02-02,0.49,0.385,1.0,-0.10499999999999998,-21.428571428571423,1,Market resolved
66,1249612,28193180481221014942741393856832109250523811339963257781930169422323363802311,Yes,2026-02-01,2026-02-02,0.125,0.08,1.0,-0.045,-36.0,1,Market resolved
67,1199464,95445253825760928229249449988904037268822895493615656805098352422989620830732,Yes,2026-01-19,2026-02-06,0.645,0.9995,1.0,0.35450000000000004,54.96124031007752,18,Market resolved
68,1336694,43790014414374596187541101226068016505514517329479874224148614768922244886861,Yes,2026-02-06,2026-02-07,0.0005,0.0005,1.0,0.0,0.0,1,Market resolved
69,1336694,43790014414374596187541101226068016505514517329479874224148614768922244886861,Yes,2026-02-07,2026-02-08,0.0005,0.0005,1.0,0.0,0.0,1,Market resolved
70,914241,31146879577921659766902896129975969018931949024710241831955702002176805724761,Yes,2025-12-17,2026-02-15,0.59,0.9995,1.0,0.4095000000000001,69.40677966101697,60,Market resolved
71,914240,40047720479707565860033948024143639869062852620710597217106299278930171253091,Yes,2025-12-17,2026-02-15,0.495,0.0005,1.0,-0.4945,-99.8989898989899,60,Market resolved
72,1345914,111368255419834803503143978971926359489073926476942643176160350483874287945497,Yes,2026-02-17,2026-02-18,0.006,0.0045,1.0,-0.0015000000000000005,-25.000000000000007,1,Market resolved
73,1345914,111368255419834803503143978971926359489073926476942643176160350483874287945497,Yes,2026-02-18,2026-02-19,0.0065,0.0005,1.0,-0.006,-92.3076923076923,1,Market resolved
74,1345914,111368255419834803503143978971926359489073926476942643176160350483874287945497,Yes,2026-02-19,2026-02-20,0.0035,0.0005,1.0,-0.003,-85.71428571428571,1,Market resolved
75,1006892,34254338241290516754163779889987574790033932358499741518448025208727830568442,Yes,2026-02-20,2026-02-21,0.24,0.25,1.0,0.010000000000000009,4.1666666666666705,1,Market resolved
76,1249612,28193180481221014942741393856832109250523811339963257781930169422323363802311,Yes,2026-02-20,2026-02-21,0.0165,0.0125,1.0,-0.004,-24.242424242424242,1,Market resolved
77,1397269,114468956885837791763133096171160084172573639956674841968893238888916122258220,Yes,2026-02-20,2026-02-21,0.645,0.68,1.0,0.03500000000000003,5.426356589147292,1,Market resolved
78,1397302,4075708620742083911866255135186815415653229606276849996846845693321760561725,Yes,2026-02-20,2026-02-21,0.335,0.335,1.0,0.0,0.0,1,Market resolved
79,1397270,33494367347551331946342435103439941845098826775268607415622273267276026227499,Yes,2026-02-20,2026-02-21,0.795,0.855,1.0,0.05999999999999994,7.547169811320748,1,Market resolved
80,1006892,34254338241290516754163779889987574790033932358499741518448025208727830568442,Yes,2026-02-21,2026-02-22,0.245,0.2,1.0,-0.044999999999999984,-18.3673469387755,1,Market resolved
81,1249612,28193180481221014942741393856832109250523811339963257781930169422323363802311,Yes,2026-02-21,2026-02-22,0.014,0.0115,1.0,-0.0025000000000000005,-17.85714285714286,1,Market resolved
82,1397269,114468956885837791763133096171160084172573639956674841968893238888916122258220,Yes,2026-02-21,2026-02-22,0.67,0.67,1.0,0.0,0.0,1,Market resolved
83,1397302,4075708620742083911866255135186815415653229606276849996846845693321760561725,Yes,2026-02-21,2026-02-22,0.42,0.335,1.0,-0.08499999999999996,-20.23809523809523,1,Market resolved
84,1397270,33494367347551331946342435103439941845098826775268607415622273267276026227499,Yes,2026-02-21,2026-02-22,0.83,0.855,1.0,0.025000000000000022,3.012048192771087,1,Market resolved
85,1006892,34254338241290516754163779889987574790033932358499741518448025208727830568442,Yes,2026-02-22,2026-02-23,0.25,0.195,1.0,-0.05499999999999999,-21.999999999999996,1,Market resolved
86,1249612,28193180481221014942741393856832109250523811339963257781930169422323363802311,Yes,2026-02-22,2026-02-23,0.0125,0.0085,1.0,-0.004,-32.0,1,Market resolved
87,1397269,114468956885837791763133096171160084172573639956674841968893238888916122258220,Yes,2026-02-22,2026-02-23,0.68,0.68,1.0,0.0,0.0,1,Market resolved
88,1397302,4075708620742083911866255135186815415653229606276849996846845693321760561725,Yes,2026-02-22,2026-02-23,0.335,0.335,1.0,0.0,0.0,1,Market resolved
89,1397270,33494367347551331946342435103439941845098826775268607415622273267276026227499,Yes,2026-02-22,2026-02-23,0.855,0.845,1.0,-0.010000000000000009,-1.1695906432748548,1,Market resolved
90,1006892,34254338241290516754163779889987574790033932358499741518448025208727830568442,Yes,2026-02-23,2026-02-24,0.2,0.185,1.0,-0.015000000000000013,-7.500000000000007,1,Market resolved
91,1249612,28193180481221014942741393856832109250523811339963257781930169422323363802311,Yes,2026-02-23,2026-02-24,0.0115,0.0035,1.0,-0.008,-69.56521739130434,1,Market resolved
92,1397269,114468956885837791763133096171160084172573639956674841968893238888916122258220,Yes,2026-02-23,2026-02-24,0.67,0.655,1.0,-0.015000000000000013,-2.2388059701492558,1,Market resolved
93,1397302,4075708620742083911866255135186815415653229606276849996846845693321760561725,Yes,2026-02-23,2026-02-24,0.335,0.315,1.0,-0.020000000000000018,-5.970149253731348,1,Market resolved
94,1397270,33494367347551331946342435103439941845098826775268607415622273267276026227499,Yes,2026-02-23,2026-02-24,0.855,0.85,1.0,-0.0050000000000000044,-0.5847953216374274,1,Market resolved
95,1006892,34254338241290516754163779889987574790033932358499741518448025208727830568442,Yes,2026-02-24,2026-02-25,0.195,0.225,1.0,0.03,15.384615384615383,1,Market resolved
96,1249612,28193180481221014942741393856832109250523811339963257781930169422323363802311,Yes,2026-02-24,2026-02-25,0.0085,0.011,1.0,0.0024999999999999988,29.411764705882337,1,Market resolved
97,1397269,114468956885837791763133096171160084172573639956674841968893238888916122258220,Yes,2026-02-24,2026-02-25,0.68,0.655,1.0,-0.025000000000000022,-3.676470588235297,1,Market resolved
98,1397302,4075708620742083911866255135186815415653229606276849996846845693321760561725,Yes,2026-02-24,2026-02-25,0.335,0.325,1.0,-0.010000000000000009,-2.985074626865674,1,Market resolved
99,1397270,33494367347551331946342435103439941845098826775268607415622273267276026227499,Yes,2026-02-24,2026-02-25,0.845,0.865,1.0,0.020000000000000018,2.3668639053254457,1,Market resolved
100,1006892,34254338241290516754163779889987574790033932358499741518448025208727830568442,Yes,2026-02-25,2026-02-26,0.185,0.215,1.0,0.03,16.216216216216218,1,Market resolved
101,1249612,28193180481221014942741393856832109250523811339963257781930169422323363802311,Yes,2026-02-25,2026-02-26,0.0075,0.0045,1.0,-0.003,-40.0,1,Market resolved
102,1397269,114468956885837791763133096171160084172573639956674841968893238888916122258220,Yes,2026-02-25,2026-02-26,0.655,0.65,1.0,-0.0050000000000000044,-0.7633587786259549,1,Market resolved
103,1397302,4075708620742083911866255135186815415653229606276849996846845693321760561725,Yes,2026-02-25,2026-02-26,0.315,0.375,1.0,0.06,19.047619047619047,1,Market resolved
104,1397270,33494367347551331946342435103439941845098826775268607415622273267276026227499,Yes,2026-02-25,2026-02-26,0.85,0.85,1.0,0.0,0.0,1,Market resolved
105,1006892,34254338241290516754163779889987574790033932358499741518448025208727830568442,Yes,2026-02-26,2026-02-27,0.225,0.17,1.0,-0.05499999999999999,-24.44444444444444,1,Market resolved
106,1249612,28193180481221014942741393856832109250523811339963257781930169422323363802311,Yes,2026-02-26,2026-02-27,0.01,0.0005,1.0,-0.0095,-95.0,1,Market resolved
107,1397269,114468956885837791763133096171160084172573639956674841968893238888916122258220,Yes,2026-02-26,2026-02-27,0.655,0.65,1.0,-0.0050000000000000044,-0.7633587786259549,1,Market resolved
108,1397302,4075708620742083911866255135186815415653229606276849996846845693321760561725,Yes,2026-02-26,2026-02-27,0.315,0.375,1.0,0.06,19.047619047619047,1,Market resolved
109,1397270,33494367347551331946342435103439941845098826775268607415622273267276026227499,Yes,2026-02-26,2026-02-27,0.845,0.855,1.0,0.010000000000000009,1.1834319526627228,1,Market resolved
110,965255,60042079399848529542876096234275904195792537400402227547324526817601859394832,Yes,2025-12-18,2026-02-28,0.365,0.9995,1.0,0.6345000000000001,173.8356164383562,72,Market resolved
111,1272946,4455752328452353825579265658578333042397216044988235154926543275789132412295,Yes,2026-01-27,2026-02-28,0.21,0.006,1.0,-0.204,-97.14285714285714,32,Market resolved
112,1299972,37737606879182009307700581384598580921532479339895103065731226400108729965163,Yes,2026-02-01,2026-02-28,0.64,0.0005,1.0,-0.6395000000000001,-99.921875,27,Market resolved
113,1299973,81924740335799129335346235217372109402691762710891660601791585751339015673521,Yes,2026-02-01,2026-02-28,0.9615,0.0005,1.0,-0.9610000000000001,-99.9479979199168,27,Market resolved
114,1299971,40113841124103828887618655623534017529960730454085803584090163252359020657147,Yes,2026-02-02,2026-02-28,0.0225,0.0005,1.0,-0.022,-97.77777777777777,26,Market resolved
115,1360500,97010453969228290782324676293758684522043820579949895211934506057149901406945,Yes,2026-02-11,2026-02-28,0.49,0.9995,1.0,0.5095000000000001,103.97959183673471,17,Market resolved
116,1360501,39087512650982267907845787155066679794937195317206655012973537564740563368627,Yes,2026-02-11,2026-02-28,0.75,0.9995,1.0,0.24950000000000006,33.26666666666667,17,Market resolved
117,1361691,81050069663019330193366374737998727827802826024397798282474905964739636124704,Yes,2026-02-15,2026-02-28,0.46,0.0025,1.0,-0.4575,-99.45652173913044,13,Market resolved
118,1370552,48428602435197964092749874104983410805066750543234785026045767268993122177407,Yes,2026-02-15,2026-02-28,0.59,0.9245,1.0,0.3345,56.6949152542373,13,Market resolved
119,1389074,84523829164693740056908231730286757120820856229812905841936362346136742466065,Yes,2026-02-17,2026-02-28,0.66,0.705,1.0,0.04499999999999993,6.818181818181807,11,Market resolved
120,1366956,35594595166216573628567638831422220908649049108144697604300071120757267685396,Yes,2026-02-17,2026-02-28,0.04,0.0005,1.0,-0.0395,-98.75,11,Market resolved
121,1373773,103409257250540923722205767855679918830848782358097584223973188841883210719495,Yes,2026-02-19,2026-02-28,0.085,0.04,1.0,-0.045000000000000005,-52.94117647058824,9,Market resolved
122,1397320,11623731830207362804643253655256662294997751723514961604556899787981865327543,Yes,2026-02-19,2026-02-28,0.465,0.115,1.0,-0.35000000000000003,-75.26881720430107,9,Market resolved
123,1373733,36376339117862689845377387823864720419430648533831552033324520233712724032564,Yes,2026-02-19,2026-02-28,0.215,0.11,1.0,-0.105,-48.837209302325576,9,Market resolved
124,1397321,105324241326219768916032211985257861542894751111199030829174640536889028367311,Yes,2026-02-19,2026-02-28,0.5,0.22,1.0,-0.28,-56.00000000000001,9,Market resolved
125,1006892,34254338241290516754163779889987574790033932358499741518448025208727830568442,Yes,2026-02-27,2026-02-28,0.215,0.2,1.0,-0.014999999999999986,-6.9767441860465045,1,Market resolved
126,1249612,28193180481221014942741393856832109250523811339963257781930169422323363802311,Yes,2026-02-27,2026-02-28,0.0005,0.0005,1.0,0.0,0.0,1,Market resolved
127,1397269,114468956885837791763133096171160084172573639956674841968893238888916122258220,Yes,2026-02-27,2026-02-28,0.65,0.63,1.0,-0.020000000000000018,-3.0769230769230793,1,Market resolved
128,1397302,4075708620742083911866255135186815415653229606276849996846845693321760561725,Yes,2026-02-27,2026-02-28,0.375,0.375,1.0,0.0,0.0,1,Market resolved
129,1397270,33494367347551331946342435103439941845098826775268607415622273267276026227499,Yes,2026-02-27,2026-02-28,0.85,0.87,1.0,0.020000000000000018,2.35294117647059,1,Market resolved
130,1006892,34254338241290516754163779889987574790033932358499741518448025208727830568442,Yes,2026-02-28,2026-03-01,0.185,0.26,1.0,0.07500000000000001,40.54054054054055,1,Market resolved
131,1249612,28193180481221014942741393856832109250523811339963257781930169422323363802311,Yes,2026-02-28,2026-03-01,0.0005,0.0005,1.0,0.0,0.0,1,Market resolved
132,1397269,114468956885837791763133096171160084172573639956674841968893238888916122258220,Yes,2026-02-28,2026-03-01,0.65,0.67,1.0,0.020000000000000018,3.0769230769230793,1,Market resolved
133,1397302,4075708620742083911866255135186815415653229606276849996846845693321760561725,Yes,2026-02-28,2026-03-01,0.385,0.385,1.0,0.0,0.0,1,Market resolved
134,1397270,33494367347551331946342435103439941845098826775268607415622273267276026227499,Yes,2026-02-28,2026-03-01,0.855,0.86,1.0,0.0050000000000000044,0.5847953216374274,1,Market resolved
135,1006892,34254338241290516754163779889987574790033932358499741518448025208727830568442,Yes,2026-03-01,2026-03-02,0.2,0.225,1.0,0.024999999999999994,12.499999999999996,1,Market resolved
136,1249612,28193180481221014942741393856832109250523811339963257781930169422323363802311,Yes,2026-03-01,2026-03-02,0.0005,0.0005,1.0,0.0,0.0,1,Market resolved
137,1397269,114468956885837791763133096171160084172573639956674841968893238888916122258220,Yes,2026-03-01,2026-03-02,0.63,0.695,1.0,0.06499999999999995,10.31746031746031,1,Market resolved
138,1397302,4075708620742083911866255135186815415653229606276849996846845693321760561725,Yes,2026-03-01,2026-03-02,0.375,0.425,1.0,0.04999999999999999,13.33333333333333,1,Market resolved
139,1397270,33494367347551331946342435103439941845098826775268607415622273267276026227499,Yes,2026-03-01,2026-03-02,0.87,0.87,1.0,0.0,0.0,1,Market resolved
140,1006892,34254338241290516754163779889987574790033932358499741518448025208727830568442,Yes,2026-03-02,2026-03-03,0.255,0.21,1.0,-0.04500000000000001,-17.647058823529417,1,Market resolved
141,1397269,114468956885837791763133096171160084172573639956674841968893238888916122258220,Yes,2026-03-02,2026-03-03,0.67,0.76,1.0,0.08999999999999997,13.432835820895516,1,Market resolved
142,1397302,4075708620742083911866255135186815415653229606276849996846845693321760561725,Yes,2026-03-02,2026-03-03,0.385,0.44,1.0,0.05499999999999999,14.285714285714285,1,Market resolved
143,1397270,33494367347551331946342435103439941845098826775268607415622273267276026227499,Yes,2026-03-02,2026-03-03,0.865,0.875,1.0,0.010000000000000009,1.1560693641618507,1,Market resolved
144,1006892,34254338241290516754163779889987574790033932358499741518448025208727830568442,Yes,2026-03-03,2026-03-04,0.225,0.195,1.0,-0.03,-13.333333333333334,1,Market resolved
145,1397269,114468956885837791763133096171160084172573639956674841968893238888916122258220,Yes,2026-03-03,2026-03-04,0.695,0.745,1.0,0.050000000000000044,7.1942446043165535,1,Market resolved
146,1397302,4075708620742083911866255135186815415653229606276849996846845693321760561725,Yes,2026-03-03,2026-03-04,0.425,0.355,1.0,-0.07,-16.47058823529412,1,Market resolved
147,1397270,33494367347551331946342435103439941845098826775268607415622273267276026227499,Yes,2026-03-03,2026-03-04,0.87,0.875,1.0,0.0050000000000000044,0.5747126436781614,1,Market resolved
148,1006892,34254338241290516754163779889987574790033932358499741518448025208727830568442,Yes,2026-03-04,2026-03-05,0.21,0.195,1.0,-0.014999999999999986,-7.142857142857137,1,Market resolved
149,1397269,114468956885837791763133096171160084172573639956674841968893238888916122258220,Yes,2026-03-04,2026-03-05,0.76,0.725,1.0,-0.03500000000000003,-4.605263157894741,1,Market resolved
150,1397302,4075708620742083911866255135186815415653229606276849996846845693321760561725,Yes,2026-03-04,2026-03-05,0.44,0.455,1.0,0.015000000000000013,3.4090909090909123,1,Market resolved
151,1397270,33494367347551331946342435103439941845098826775268607415622273267276026227499,Yes,2026-03-04,2026-03-05,0.875,0.87,1.0,-0.0050000000000000044,-0.571428571428572,1,Market resolved
152,1006892,34254338241290516754163779889987574790033932358499741518448025208727830568442,Yes,2026-03-05,2026-03-06,0.205,0.155,1.0,-0.04999999999999999,-24.39024390243902,1,Market resolved
153,1397269,114468956885837791763133096171160084172573639956674841968893238888916122258220,Yes,2026-03-05,2026-03-06,0.705,0.72,1.0,0.015000000000000013,2.1276595744680873,1,Market resolved
154,1397302,4075708620742083911866255135186815415653229606276849996846845693321760561725,Yes,2026-03-05,2026-03-06,0.36,0.415,1.0,0.05499999999999999,15.277777777777777,1,Market resolved
155,1397270,33494367347551331946342435103439941845098826775268607415622273267276026227499,Yes,2026-03-05,2026-03-06,0.875,0.865,1.0,-0.010000000000000009,-1.142857142857144,1,Market resolved
156,1397269,114468956885837791763133096171160084172573639956674841968893238888916122258220,Yes,2026-03-06,2026-03-07,0.72,0.725,1.0,0.0050000000000000044,0.6944444444444451,1,Market resolved
157,1397302,4075708620742083911866255135186815415653229606276849996846845693321760561725,Yes,2026-03-06,2026-03-07,0.435,0.38,1.0,-0.05499999999999999,-12.643678160919539,1,Market resolved
158,1397270,33494367347551331946342435103439941845098826775268607415622273267276026227499,Yes,2026-03-06,2026-03-07,0.87,0.865,1.0,-0.0050000000000000044,-0.5747126436781614,1,Market resolved
159,1397269,114468956885837791763133096171160084172573639956674841968893238888916122258220,Yes,2026-03-07,2026-03-08,0.72,0.715,1.0,-0.0050000000000000044,-0.6944444444444451,1,Market resolved
160,1397302,4075708620742083911866255135186815415653229606276849996846845693321760561725,Yes,2026-03-07,2026-03-08,0.415,0.375,1.0,-0.03999999999999998,-9.638554216867465,1,Market resolved
161,1397270,33494367347551331946342435103439941845098826775268607415622273267276026227499,Yes,2026-03-07,2026-03-08,0.865,0.865,1.0,0.0,0.0,1,Market resolved
162,1397269,114468956885837791763133096171160084172573639956674841968893238888916122258220,Yes,2026-03-08,2026-03-09,0.725,0.715,1.0,-0.010000000000000009,-1.3793103448275874,1,Market resolved
163,1397302,4075708620742083911866255135186815415653229606276849996846845693321760561725,Yes,2026-03-08,2026-03-09,0.38,0.295,1.0,-0.08500000000000002,-22.368421052631586,1,Market resolved
164,1397270,33494367347551331946342435103439941845098826775268607415622273267276026227499,Yes,2026-03-08,2026-03-09,0.865,0.865,1.0,0.0,0.0,1,Market resolved
165,1006892,34254338241290516754163779889987574790033932358499741518448025208727830568442,Yes,2026-03-09,2026-03-10,0.055,0.125,1.0,0.07,127.2727272727273,1,Market resolved
166,1397269,114468956885837791763133096171160084172573639956674841968893238888916122258220,Yes,2026-03-09,2026-03-10,0.715,0.715,1.0,0.0,0.0,1,Market resolved
167,1397302,4075708620742083911866255135186815415653229606276849996846845693321760561725,Yes,2026-03-09,2026-03-10,0.38,0.285,1.0,-0.09500000000000003,-25.000000000000007,1,Market resolved
168,1397270,33494367347551331946342435103439941845098826775268607415622273267276026227499,Yes,2026-03-09,2026-03-10,0.865,0.865,1.0,0.0,0.0,1,Market resolved
169,1006892,34254338241290516754163779889987574790033932358499741518448025208727830568442,Yes,2026-03-10,2026-03-11,0.06,0.13,1.0,0.07,116.66666666666667,1,Market resolved
170,1397269,114468956885837791763133096171160084172573639956674841968893238888916122258220,Yes,2026-03-10,2026-03-11,0.715,0.685,1.0,-0.029999999999999916,-4.195804195804184,1,Market resolved
171,1397302,4075708620742083911866255135186815415653229606276849996846845693321760561725,Yes,2026-03-10,2026-03-11,0.295,0.275,1.0,-0.019999999999999962,-6.77966101694914,1,Market resolved
172,1397270,33494367347551331946342435103439941845098826775268607415622273267276026227499,Yes,2026-03-10,2026-03-11,0.865,0.865,1.0,0.0,0.0,1,Market resolved
173,1397269,114468956885837791763133096171160084172573639956674841968893238888916122258220,Yes,2026-03-11,2026-03-12,0.715,0.68,1.0,-0.03499999999999992,-4.895104895104884,1,Market resolved
174,1397302,4075708620742083911866255135186815415653229606276849996846845693321760561725,Yes,2026-03-11,2026-03-12,0.285,0.285,1.0,0.0,0.0,1,Market resolved
175,1397270,33494367347551331946342435103439941845098826775268607415622273267276026227499,Yes,2026-03-11,2026-03-12,0.865,0.875,1.0,0.010000000000000009,1.1560693641618507,1,Market resolved
176,1397269,114468956885837791763133096171160084172573639956674841968893238888916122258220,Yes,2026-03-12,2026-03-13,0.685,0.68,1.0,-0.0050000000000000044,-0.7299270072992706,1,Market resolved
177,1397302,4075708620742083911866255135186815415653229606276849996846845693321760561725,Yes,2026-03-12,2026-03-13,0.275,0.28,1.0,0.0050000000000000044,1.8181818181818195,1,Market resolved
178,1397270,33494367347551331946342435103439941845098826775268607415622273267276026227499,Yes,2026-03-12,2026-03-13,0.865,0.87,1.0,0.0050000000000000044,0.5780346820809253,1,Market resolved
179,1397269,114468956885837791763133096171160084172573639956674841968893238888916122258220,Yes,2026-03-13,2026-03-14,0.68,0.68,1.0,0.0,0.0,1,Market resolved
180,1397302,4075708620742083911866255135186815415653229606276849996846845693321760561725,Yes,2026-03-13,2026-03-14,0.285,0.285,1.0,0.0,0.0,1,Market resolved
181,1397270,33494367347551331946342435103439941845098826775268607415622273267276026227499,Yes,2026-03-13,2026-03-14,0.875,0.855,1.0,-0.020000000000000018,-2.285714285714288,1,Market resolved
182,1397269,114468956885837791763133096171160084172573639956674841968893238888916122258220,Yes,2026-03-14,2026-03-15,0.68,0.67,1.0,-0.010000000000000009,-1.4705882352941189,1,Market resolved
183,1397302,4075708620742083911866255135186815415653229606276849996846845693321760561725,Yes,2026-03-14,2026-03-15,0.28,0.285,1.0,0.004999999999999949,1.7857142857142672,1,Market resolved
184,1397270,33494367347551331946342435103439941845098826775268607415622273267276026227499,Yes,2026-03-14,2026-03-15,0.87,0.855,1.0,-0.015000000000000013,-1.7241379310344844,1,Market resolved
185,1397269,114468956885837791763133096171160084172573639956674841968893238888916122258220,Yes,2026-03-15,2026-03-16,0.68,0.66,1.0,-0.020000000000000018,-2.9411764705882377,1,Market resolved
186,1397302,4075708620742083911866255135186815415653229606276849996846845693321760561725,Yes,2026-03-15,2026-03-16,0.285,0.325,1.0,0.040000000000000036,14.035087719298259,1,Market resolved
187,1397270,33494367347551331946342435103439941845098826775268607415622273267276026227499,Yes,2026-03-15,2026-03-16,0.855,0.855,1.0,0.0,0.0,1,Market resolved
188,677423,104996165148654280657583884297097320562659604671021465930383607009946106643575,Yes,2025-11-11,2026-03-16,0.485,0.9995,1.0,0.5145000000000001,106.08247422680415,125,End of backtest
189,677424,47548285224807370345335211029734340882519321884548042469561352471759801511286,Yes,2025-11-11,2026-03-16,0.63,0.9995,1.0,0.36950000000000005,58.65079365079365,125,End of backtest
190,688487,41598414962948210958667248206456248561001087974592654290952701047881063817735,Yes,2025-11-17,2026-03-16,0.66,0.285,1.0,-0.37500000000000006,-56.81818181818182,119,End of backtest
191,688486,47245142804167859728545033058825097146113525269487349714475043015478718468426,Yes,2025-11-17,2026-03-16,0.495,0.0125,1.0,-0.4825,-97.47474747474747,119,End of backtest
192,681146,64496724413667630767107555606417758519552149151983432242284671355914482085096,Yes,2025-11-19,2026-03-16,0.725,0.515,1.0,-0.20999999999999996,-28.965517241379306,117,End of backtest
193,681147,63325372453891129070046826280666940563292829448499564235274978384421154193189,Yes,2025-11-19,2026-03-16,0.78,0.68,1.0,-0.09999999999999998,-12.820512820512816,117,End of backtest
194,699149,42745813426759236505379310945931854930399523721484496415786094081756255010677,Yes,2025-11-24,2026-03-16,0.65,0.9995,1.0,0.34950000000000003,53.76923076923077,112,End of backtest
195,699151,23996431182230497698939574636310519209015664416474899035972821767593174773606,Yes,2025-11-24,2026-03-16,0.725,0.9995,1.0,0.2745000000000001,37.86206896551725,112,End of backtest
196,699148,81810968068053930375187391170188029220967355087408980499515383700526690238808,Yes,2025-11-24,2026-03-16,0.63,0.9995,1.0,0.36950000000000005,58.65079365079365,112,End of backtest
197,699150,95546331765328500743108949347299393485207152883342410549742591740580588893527,Yes,2025-11-24,2026-03-16,0.665,0.9995,1.0,0.3345,50.30075187969925,112,End of backtest
198,898161,38296826053500141041724479975322399443591190341342887183011139164710696478226,Yes,2025-12-13,2026-03-16,0.665,0.9995,1.0,0.3345,50.30075187969925,93,End of backtest
199,898163,23679931368334342893071577194931182044999778140190940664855595297505326324190,Yes,2025-12-13,2026-03-16,0.755,0.9995,1.0,0.24450000000000005,32.38410596026491,93,End of backtest
200,943524,78482975269782846708502953100111348958886840684360779200736480259151183957903,Yes,2025-12-16,2026-03-16,0.89,0.42,1.0,-0.47000000000000003,-52.80898876404495,90,End of backtest
201,943525,45370563237234912172645479359123486320558018815525323728669319668479408329360,Yes,2025-12-16,2026-03-16,0.91,0.455,1.0,-0.455,-50.0,90,End of backtest
202,943522,100676163741742301500887365935397861745571690357909503140496307630622376923334,Yes,2025-12-16,2026-03-16,0.435,0.0085,1.0,-0.4265,-98.04597701149426,90,End of backtest
203,943523,64920686251914795887253184329006829909993055323630813228737092035376737035410,Yes,2025-12-16,2026-03-16,0.55,0.1145,1.0,-0.43550000000000005,-79.18181818181819,90,End of backtest
204,943521,12676787469372178605961285257677394038570423940368643285252113575146878080796,Yes,2025-12-16,2026-03-16,0.0175,0.0005,1.0,-0.017,-97.14285714285714,90,End of backtest
205,951216,103942824117785796761771400642309643220085977759736681664853793408936013147186,Yes,2025-12-16,2026-03-16,0.375,0.0475,1.0,-0.3275,-87.33333333333334,90,End of backtest
206,951217,71769313276783264339038655666536516201432618777567664062010293603095692585656,Yes,2025-12-16,2026-03-16,0.495,0.135,1.0,-0.36,-72.72727272727273,90,End of backtest
207,951218,59676131845955485062154196689406562532316355189668080522960520507377902204545,Yes,2025-12-16,2026-03-16,0.615,0.155,1.0,-0.45999999999999996,-74.79674796747967,90,End of backtest
208,836172,32432459940507998323638682470363630517417934717529537086008978208849847718766,Yes,2025-12-18,2026-03-16,0.585,0.9995,1.0,0.4145000000000001,70.85470085470087,88,End of backtest
209,967152,104387692118718939574417892758798220655442115603460087003241529850196602848506,Yes,2025-12-19,2026-03-16,0.465,0.9995,1.0,0.5345,114.94623655913978,87,End of backtest
210,967153,57008986616054603524537038841304231022130552761864440249432466032627363831343,Yes,2025-12-19,2026-03-16,0.87,0.9995,1.0,0.12950000000000006,14.885057471264373,87,End of backtest
211,967154,64486179275410739270541001621991009296199245455746554330228681669620978006510,Yes,2025-12-19,2026-03-16,0.895,0.9995,1.0,0.10450000000000004,11.67597765363129,87,End of backtest
212,1038567,61737839233729807825598001809356429511156590046582032790390502786534390681919,Yes,2025-12-27,2026-03-16,0.495,0.19,1.0,-0.305,-61.61616161616161,79,End of backtest
213,1038568,111763931456235876228207454692228615096214532972309928175889885732220821291531,Yes,2025-12-27,2026-03-16,0.68,0.33,1.0,-0.35000000000000003,-51.47058823529412,79,End of backtest
214,1038566,48080345058894299067949482689603833714280259396650965675457553712149771112881,Yes,2025-12-28,2026-03-16,0.18,0.12,1.0,-0.06,-33.33333333333333,78,End of backtest
215,1038643,66504090502993925842729369691798769198266727860116747104431264214832408034731,Yes,2025-12-28,2026-03-16,0.655,0.55,1.0,-0.10499999999999998,-16.030534351145036,78,End of backtest
216,1038642,71488396268637900061238655308679333670787348729165679240336047247677232218211,Yes,2025-12-28,2026-03-16,0.465,0.505,1.0,0.03999999999999998,8.602150537634405,78,End of backtest
217,1038645,88960663162272906579448183399799658193382239764655275898016928664270609890785,Yes,2025-12-28,2026-03-16,0.255,0.25,1.0,-0.0050000000000000044,-1.960784313725492,78,End of backtest
218,1038647,58679739959904721668047854740341819797021125861280949969245663959173625197891,Yes,2025-12-28,2026-03-16,0.625,0.77,1.0,0.14500000000000002,23.200000000000003,78,End of backtest
219,1038646,106942422125833934377426795124407625482441518162865663390760268134092224372640,Yes,2025-12-28,2026-03-16,0.47,0.51,1.0,0.040000000000000036,8.51063829787235,78,End of backtest
220,1038719,40736422765303154925117437399524034163813461634296326469312516337445427263104,Yes,2025-12-28,2026-03-16,0.675,0.605,1.0,-0.07000000000000006,-10.37037037037038,78,End of backtest
221,1038717,27102571956575522934880803120370136202685715869522121956851057207905757644243,Yes,2025-12-28,2026-03-16,0.585,0.345,1.0,-0.24,-41.02564102564102,78,End of backtest
222,1038816,40706249016285587716527526688541862366343832164507929668575659095544639713560,Yes,2025-12-28,2026-03-16,0.395,0.325,1.0,-0.07,-17.72151898734177,78,End of backtest
223,1038818,61025503398157063529703815359397827976717773780743373188273811059722963389136,Yes,2025-12-28,2026-03-16,0.65,0.695,1.0,0.04499999999999993,6.923076923076913,78,End of backtest
224,1038817,18666864282131891510982181164077795283329595901263764510124639012228512762496,Yes,2025-12-28,2026-03-16,0.575,0.49,1.0,-0.08499999999999996,-14.782608695652169,78,End of backtest
225,1038877,7800402680270593380926829443314565490316076217237982552423562583216301083819,Yes,2025-12-28,2026-03-16,0.48,0.555,1.0,0.07500000000000007,15.625000000000014,78,End of backtest
226,1038880,107051386265764130527807198143169937768144465125910287278604972579738649528275,Yes,2025-12-28,2026-03-16,0.615,0.67,1.0,0.05500000000000005,8.943089430894318,78,End of backtest
227,1068682,65391478990774467160059399233328568178423220708536472359512837569697722270745,Yes,2026-01-01,2026-03-16,0.48,0.1,1.0,-0.38,-79.16666666666667,74,End of backtest
228,1068683,23525623180774493366879826553200747273922833000861691777634673746671424227052,Yes,2026-01-01,2026-03-16,0.495,0.27,1.0,-0.22499999999999998,-45.45454545454545,74,End of backtest
229,1068684,31963799215819845041934395777306183587246195740327750578235989254983054030659,Yes,2026-01-01,2026-03-16,0.64,0.3,1.0,-0.34,-53.125,74,End of backtest
230,1087503,105715430858890614552250403108976721646556993435996945187911182697741104751575,Yes,2026-01-02,2026-03-16,0.73,0.9995,1.0,0.2695000000000001,36.91780821917809,73,End of backtest
231,1087885,32462260748980243500462603266146503653746491669229191904606878150457533418396,Yes,2026-01-02,2026-03-16,0.625,0.9995,1.0,0.37450000000000006,59.92000000000001,73,End of backtest
232,1038641,30750735170552134301350158689145501446289077352284949773747037316818843848788,Yes,2026-01-04,2026-03-16,0.325,0.145,1.0,-0.18000000000000002,-55.38461538461539,71,End of backtest
233,1038876,32692092647151234114706126675396021690895618461596434807461367315136813200839,Yes,2026-01-04,2026-03-16,0.465,0.17,1.0,-0.29500000000000004,-63.440860215053775,71,End of backtest
234,1068690,76189466925627341351692169228426868296055601200116816688000994205306129709524,Yes,2026-01-05,2026-03-16,0.22,0.065,1.0,-0.155,-70.45454545454545,70,End of backtest
235,1068691,18484277371856056894371512936331763785796510525594097312085821965132464643874,Yes,2026-01-05,2026-03-16,0.32,0.205,1.0,-0.11500000000000002,-35.93750000000001,70,End of backtest
236,1068692,14794122635046078179585047136788237444402523901332181202010644824276273946143,Yes,2026-01-05,2026-03-16,0.615,0.235,1.0,-0.38,-61.78861788617886,70,End of backtest
237,1114326,101189992874259968774600043693819423186385347792130758873256050227919745254957,Yes,2026-01-05,2026-03-16,0.5,0.0085,1.0,-0.4915,-98.3,70,End of backtest
238,1114327,60393836248617547820049836035429132476830916391044713270914070763515849975538,Yes,2026-01-05,2026-03-16,0.77,0.3,1.0,-0.47000000000000003,-61.038961038961034,70,End of backtest
239,1115092,60360948298883755862350661777186672623702778622424143642733047394130669030705,Yes,2026-01-05,2026-03-16,0.045,0.0005,1.0,-0.0445,-98.88888888888889,70,End of backtest
240,686161,54883546759326647324924102974281473303158271883187379954625063575502567410011,Yes,2026-01-07,2026-03-16,0.983,0.9995,1.0,0.01650000000000007,1.6785350966429369,68,End of backtest
241,686179,32578172669657246206511100988749947772336005301955758143370384369760859431445,Yes,2026-01-07,2026-03-16,0.9865,0.9995,1.0,0.013000000000000012,1.317790167257984,68,End of backtest
242,1086971,39479575762711976917733408703948944958707064190654444813387817832916395460433,Yes,2026-01-09,2026-03-16,0.25,0.0005,1.0,-0.2495,-99.8,66,End of backtest
243,1086972,41245949300586088132481639672255490865734578503276380308361324401464866738140,Yes,2026-01-09,2026-03-16,0.51,0.0255,1.0,-0.4845,-95.0,66,End of backtest
244,1153987,42207025089807907769334282225411016944301261128222357753403119309812437846519,Yes,2026-01-11,2026-03-16,0.47,0.385,1.0,-0.08499999999999996,-18.085106382978715,64,End of backtest
245,1153989,88367979757144460326595869551198816363071170595295806636337431190800785177595,Yes,2026-01-11,2026-03-16,0.605,0.84,1.0,0.235,38.84297520661157,64,End of backtest
246,1153988,14943758278431813076219073360748282430963485264445852730443731797836051777340,Yes,2026-01-11,2026-03-16,0.535,0.715,1.0,0.17999999999999994,33.644859813084096,64,End of backtest
247,1183735,114593712843899150009637044090698935429215974233739172722285701425627207606159,Yes,2026-01-15,2026-03-16,0.29,0.11,1.0,-0.18,-62.06896551724138,60,End of backtest
248,1183736,61863287787539678303242754827371249953434795715427650868509280217035083272665,Yes,2026-01-15,2026-03-16,0.515,0.305,1.0,-0.21000000000000002,-40.77669902912622,60,End of backtest
249,1183517,67799067806338145290985413167536127438036623200089880518728042442527061350492,Yes,2026-01-19,2026-03-16,0.48,0.14,1.0,-0.33999999999999997,-70.83333333333333,56,End of backtest
250,1183518,59113196944595853136564498759249990655476535955396111105250785716626440231339,Yes,2026-01-19,2026-03-16,0.64,0.735,1.0,0.09499999999999997,14.843749999999995,56,End of backtest
251,1198479,65741574801229586608638068603746290198737096176008836031498361619593304880051,Yes,2026-01-20,2026-03-16,0.49,0.9995,1.0,0.5095000000000001,103.97959183673471,55,End of backtest
252,1198523,31854335181753634559488390362013221838615332913090764347778302029033656032778,Yes,2026-01-20,2026-03-16,0.585,0.9995,1.0,0.4145000000000001,70.85470085470087,55,End of backtest
253,1198592,22847776714049256442838704546276442358487931494046283003133543149743720105755,Yes,2026-01-20,2026-03-16,0.7,0.9995,1.0,0.2995000000000001,42.785714285714306,55,End of backtest
254,1200889,12788708700359176380862092378573240532797315538185102859615773934992086648634,Yes,2026-01-20,2026-03-16,0.36,0.0005,1.0,-0.3595,-99.86111111111111,55,End of backtest
255,1113927,104024747642645897746605459653401257334130056143857253512724902240828797771116,Yes,2026-01-21,2026-03-16,0.98,0.9995,1.0,0.019500000000000073,1.9897959183673546,54,End of backtest
256,1113928,21981813908375192524243402792929664260353676873745998352519476785258882556091,Yes,2026-01-21,2026-03-16,0.9935,0.9995,1.0,0.006000000000000005,0.6039255158530453,54,End of backtest
257,1242468,1950405384530061134764993884919782023239957865196702044973774453745605743827,Yes,2026-01-22,2026-03-16,0.73,0.9765,1.0,0.24650000000000005,33.76712328767124,53,End of backtest
258,1242469,33426913452076684797208039803161216743277773257653774512734045538330572460402,Yes,2026-01-22,2026-03-16,0.755,0.988,1.0,0.23299999999999998,30.86092715231788,53,End of backtest
259,1242470,79141079610518112586265428895047198793615121376838848175804906337825202443290,Yes,2026-01-22,2026-03-16,0.775,0.982,1.0,0.20699999999999996,26.709677419354833,53,End of backtest
260,1250582,114124908308155690607429928412375081987315496557547618359166831545915027210442,Yes,2026-01-23,2026-03-16,0.38,0.64,1.0,0.26,68.42105263157895,52,End of backtest
261,1250583,34640299987368275118997246377594071893261230621587486495297674933452715640067,Yes,2026-01-23,2026-03-16,0.505,0.88,1.0,0.375,74.25742574257426,52,End of backtest
262,1250584,64840226212805935191170989375885583925017818944494137800620457959713645047511,Yes,2026-01-23,2026-03-16,0.77,0.855,1.0,0.08499999999999996,11.038961038961034,52,End of backtest
263,1272952,82294751598077667491271498379806101533312360915991213444640730869652915877655,Yes,2026-01-27,2026-03-16,0.555,0.315,1.0,-0.24000000000000005,-43.24324324324324,48,End of backtest
264,1279026,63017006327209940687114947660699589524984049998224424525006480589552718181761,Yes,2026-01-27,2026-03-16,0.61,0.9995,1.0,0.38950000000000007,63.85245901639346,48,End of backtest
265,1279027,80359482210549819805303810005797651518487063497382460769334003228969782708354,Yes,2026-01-27,2026-03-16,0.7,0.9995,1.0,0.2995000000000001,42.785714285714306,48,End of backtest
266,1267283,35521662858420599195009649667296023989769391322103732268995579937702059630612,Yes,2026-01-27,2026-03-16,0.58,0.555,1.0,-0.02499999999999991,-4.310344827586192,48,End of backtest
267,1267282,216038017289262425148072353320627549161767594084936139712803607732862427975,Yes,2026-01-27,2026-03-16,0.46,0.12,1.0,-0.34,-73.91304347826087,48,End of backtest
268,1271609,60286955786043151693345666650108482304749579296506156528439472517421304337080,Yes,2026-01-27,2026-03-16,0.995,0.9995,1.0,0.0045000000000000595,0.45226130653266927,48,End of backtest
269,1271608,35673080838510021991060091603642188846039101420832165732095547163012367753836,Yes,2026-01-27,2026-03-16,0.9905,0.9995,1.0,0.009000000000000008,0.9086320040383652,48,End of backtest
270,1271607,93035833455873006474218491482237575545494589935919566145925825035983052060766,Yes,2026-01-27,2026-03-16,0.984,0.9995,1.0,0.01550000000000007,1.5752032520325274,48,End of backtest
271,1271613,96292701313700591758244756869796264483122104108648861038158096856523650425510,Yes,2026-01-27,2026-03-16,0.9,0.7915,1.0,-0.10850000000000004,-12.055555555555559,48,End of backtest
272,1271612,30509676282668521792578191220441798065677354620209335840931097220654533962338,Yes,2026-01-27,2026-03-16,0.9,0.5,1.0,-0.4,-44.44444444444445,48,End of backtest
273,1097101,22424973164442660525283958049724397021587362098150529484937062183898885124879,Yes,2026-01-30,2026-03-16,0.045,0.0195,1.0,-0.0255,-56.666666666666664,45,End of backtest
274,1301552,2739111737625390357371864289294386616336389038168582449588030487709800541104,Yes,2026-01-30,2026-03-16,0.545,0.415,1.0,-0.13000000000000006,-23.85321100917432,45,End of backtest
275,1139942,86582863442764039699735977419741265869635735642166631514435274464883317069448,Yes,2026-01-31,2026-03-16,0.017,0.0005,1.0,-0.0165,-97.05882352941177,44,End of backtest
276,1230811,99319129904025192390561707785521615374404675509095468896784304174663237757833,Yes,2026-02-01,2026-03-16,0.001,0.0005,1.0,-0.0005,-50.0,43,End of backtest
277,1271606,95605287438995791691523498249681763196686800324608790496895625994826777873408,Yes,2026-02-01,2026-03-16,0.845,0.9995,1.0,0.15450000000000008,18.284023668639062,43,End of backtest
278,1285420,66771735286507195540424962706062211170434683867496719462307423866718806388934,Yes,2026-02-02,2026-03-16,0.41,0.8,1.0,0.39000000000000007,95.12195121951221,42,End of backtest
279,1285422,50764654501673335973358695557006922101384287930137709036839656736042086272958,Yes,2026-02-02,2026-03-16,0.72,0.9225,1.0,0.2025,28.125000000000007,42,End of backtest
280,1285421,103757559371256415021488743243684102293023771486827506700465802092217713716601,Yes,2026-02-02,2026-03-16,0.735,0.9215,1.0,0.1865,25.37414965986395,42,End of backtest
281,1287603,23641462641556953583022032620034685993226006023703977456530476099179630612327,Yes,2026-02-03,2026-03-16,0.395,0.0005,1.0,-0.3945,-99.87341772151899,41,End of backtest
282,1271611,98966733629647857070808689992499388236877049993680961552156829674188188531770,Yes,2026-02-03,2026-03-16,0.85,0.155,1.0,-0.695,-81.76470588235294,41,End of backtest
283,1333258,82971863320043891986833367061104360861631939120244984019114322661700297642048,Yes,2026-02-04,2026-03-16,0.545,0.655,1.0,0.10999999999999999,20.183486238532105,40,End of backtest
284,676829,31198084272932352525926802046358262783522244061752464952508587771194866686492,Yes,2026-02-04,2026-03-16,0.815,0.79,1.0,-0.02499999999999991,-3.0674846625766765,40,End of backtest
285,1333241,74718343716854898489142874389220791984859770098919310093691735389072858227646,Yes,2026-02-05,2026-03-16,0.72,0.0005,1.0,-0.7195,-99.93055555555557,39,End of backtest
286,1320787,8583126525478095048979253002246352227288837058395874249500438330241773835883,Yes,2026-02-05,2026-03-16,0.885,0.0005,1.0,-0.8845000000000001,-99.94350282485877,39,End of backtest
287,1336382,101549718979250030172209902220457547242524026828202414001314946659939527320527,Yes,2026-02-06,2026-03-16,0.435,0.2675,1.0,-0.16749999999999998,-38.50574712643678,38,End of backtest
288,1336383,20556293110039870311144474064395108117224373336754353921750292607749948371124,Yes,2026-02-06,2026-03-16,0.835,0.6,1.0,-0.235,-28.143712574850298,38,End of backtest
289,1342508,29961157792671464326916326623597481027062849264224532957109844713880981373188,Yes,2026-02-06,2026-03-16,0.85,0.7765,1.0,-0.07350000000000001,-8.647058823529413,38,End of backtest
290,1342509,14714405441096678485883918631293358897279799085119445038147640485712201483912,Yes,2026-02-06,2026-03-16,0.89,0.845,1.0,-0.04500000000000004,-5.056179775280904,38,End of backtest
291,1280497,93726420352633513329470759167746705807552087459747684830196318055992489326724,Yes,2026-02-09,2026-03-16,0.085,0.0005,1.0,-0.0845,-99.41176470588235,35,End of backtest
292,1038714,57663686059095771333472565908021304318181968786755754004953324017492267687063,Yes,2026-02-10,2026-03-16,0.5,0.575,1.0,0.07499999999999996,14.999999999999991,34,End of backtest
293,1363115,113742505777232455688700491330417328054311168541211252689925248518813702096821,Yes,2026-02-12,2026-03-16,0.165,0.0005,1.0,-0.1645,-99.69696969696969,32,End of backtest
294,1363116,11966409881281293602137861492007400834690026843003461391578987664208256196909,Yes,2026-02-12,2026-03-16,0.7,0.21,1.0,-0.49,-70.0,32,End of backtest
295,1323373,61608572998501107883667745302981539469069341508013066140553755933925506873868,Yes,2026-02-18,2026-03-16,0.615,0.9995,1.0,0.38450000000000006,62.52032520325205,26,End of backtest
296,1352742,10118819019531847112883400442597344959166355696323017816168727036060688969360,Yes,2026-02-19,2026-03-16,0.09,0.012,1.0,-0.078,-86.66666666666667,25,End of backtest
297,1397433,5153647322778603604777291691568368281002244404607328150754662254074050017576,Yes,2026-02-19,2026-03-16,0.5,0.045,1.0,-0.455,-91.0,25,End of backtest
298,1236458,18730978422362583344635704599452590050275452404041361625425790481762026934944,Yes,2026-02-20,2026-03-16,0.31,0.9995,1.0,0.6895,222.41935483870967,24,End of backtest
299,1397313,82562541689793918381744647526163659021273207230310982064314625629203357648018,Yes,2026-02-20,2026-03-16,0.525,0.9995,1.0,0.47450000000000003,90.38095238095238,24,End of backtest
300,1397271,99446802876380934103483883405087320621988727754001565439376230976745841285909,Yes,2026-02-20,2026-03-16,0.65,0.9995,1.0,0.34950000000000003,53.76923076923077,24,End of backtest
301,1250581,43734735673074589694064974732843177621957446054225800945326210761929736939315,Yes,2026-02-27,2026-03-16,0.0145,0.0075,1.0,-0.007000000000000001,-48.275862068965516,17,End of backtest
302,1336381,10353833214123521099723649064363083586130849414207675597421128494112566864872,Yes,2026-03-01,2026-03-16,0.0005,0.0005,1.0,0.0,0.0,15,End of backtest
303,1153986,8159970300452976565807864501208174391551911808590896942625822005306864836181,Yes,2026-03-10,2026-03-16,0.0075,0.0075,1.0,0.0,0.0,6,End of backtest
304,1271610,27454650606007592941369542547867915436927994811369993520265431958254270690528,Yes,2026-03-16,2026-03-16,0.01,0.005,1.0,-0.005,-50.0,0,End of backtest
305,1397269,114468956885837791763133096171160084172573639956674841968893238888916122258220,Yes,2026-03-16,2026-03-16,0.665,0.66,1.0,-0.0050000000000000044,-0.7518796992481209,0,End of backtest
306,1397302,4075708620742083911866255135186815415653229606276849996846845693321760561725,Yes,2026-03-16,2026-03-16,0.285,0.325,1.0,0.040000000000000036,14.035087719298259,0,End of backtest
307,1397270,33494367347551331946342435103439941845098826775268607415622273267276026227499,Yes,2026-03-16,2026-03-16,0.855,0.855,1.0,0.0,0.0,0,End of backtest
