token1,token2,co_df
ufc,win,623
cap,market,524
company,largest,506
cap,company,500
cap,largest,500
cap,world,500
company,market,500
company,world,500
largest,market,500
largest,world,500
market,world,500
more,points,490
beat,points,424
beat,more,422
ko,win,412
ko,tko,409
ko,ufc,408
tko,ufc,408
tko,win,408
2026,win,382
2026,december,365
2026,ufc,324
2026,february,258
increase,inflation,247
2026,hit,245
2026,ko,243
2026,tko,243
2025,win,238
2026,us,228
2025,ufc,220
launch,token,204
2026,march,203
capture,russia,199
2026,january,195
december,reach,179
2026,launch,175
2027,trump,174
iran,us,171
2026,june,169
2025,ko,165
2025,tko,165
submission,win,160
2026,token,160
2026,reach,160
submission,ufc,159
billboard,week,152
annual,inflation,149
annual,increase,145
high,hit,139
2026,iran,136
epstein,files,130
interest,rates,129
israel,strike,129
cap,second,128
company,second,128
largest,second,128
market,second,128
second,world,128
after,bps,125
after,interest,125
after,meeting,125
after,rates,125
bps,interest,125
bps,meeting,125
bps,rates,125
interest,meeting,125
meeting,rates,125
2027,leave,125
leave,trump,124
february,us,119
iran,israel,117
all,time,115
december,dip,115
january,us,114
cabinet,trump,114
all,high,113
high,time,113
fed,meeting,113
february,hit,112
2026,election,110
cap,third,110
company,third,110
largest,third,110
market,third,110
third,world,110
end,hit,109
points,win,107
epstein,released,106
2026,dip,106
cabinet,leave,106
2027,cabinet,105
bps,fed,102
fed,rates,102
december,market,102
2025,december,102
after,fed,101
fed,interest,101
cap,december,101
song,week,100
2026,above,99
increase,monthly,98
inflation,monthly,98
cap,february,98
company,february,98
february,largest,98
february,market,98
february,world,98
announce,run,97
above,february,96
more,win,95
march,market,94
strike,us,94
files,released,93
song,spotify,92
cap,march,92
company,march,92
party,seats,92
2026,strikes,92
epstein,named,92
epstein,newly,92
files,named,92
files,newly,92
named,newly,92
named,released,92
newly,released,92
end,february,92
march,world,91
2026,party,91
largest,march,90
2027,announce,90
hit,low,90
leader,out,89
iran,strikes,89
higher,magnitude,88
higher,there,88
magnitude,there,88
candidate,win,88
company,december,88
2025,spotify,88
billboard,song,88
there,worldwide,87
march,us,86
increase,temperature,86
between,increase,86
december,world,86
cap,january,86
election,party,86
higher,worldwide,86
magnitude,worldwide,86
less,than,85
announce,presidential,85
january,market,85
not,number,85
not,passengers,85
not,reported,85
not,total,85
not,tsa,85
number,passengers,85
number,reported,85
number,total,85
number,tsa,85
passengers,reported,85
passengers,total,85
passengers,tsa,85
reported,total,85
reported,tsa,85
total,tsa,85
presidential,run,84
december,largest,84
company,january,84
january,largest,84
january,world,84
2027,next,84
home,median,84
home,value,84
median,value,84
july,trump,82
2026,high,82
strikes,us,82
2026,submission,81
billboard,february,81
february,week,81
actor,awards,80
actor,outstanding,80
actor,performance,80
awards,outstanding,80
awards,performance,80
outstanding,performance,80
december,launch,79
bitcoin,december,79
december,trump,78
military,us,78
2025,globally,78
2025,most,78
2025,song,78
2025,streamed,78
globally,most,78
globally,song,78
globally,spotify,78
globally,streamed,78
most,song,78
most,spotify,78
most,streamed,78
song,streamed,78
spotify,streamed,78
global,increase,77
global,temperature,77
awards,win,77
february,released,76
between,win,76
january,week,76
exactly,higher,74
exactly,magnitude,74
exactly,there,74
exactly,worldwide,74
earthquakes,higher,74
earthquakes,magnitude,74
earthquakes,there,74
earthquakes,worldwide,74
bitcoin,reach,73
ceasefire,israel,73
2027,out,73
end,high,73
election,win,72
2026,russia,72
enter,russia,72
2027,presidential,72
2026,finish,72
2026,legislative,72
2026,number,72
2026,place,72
2026,seats,72
2026,thai,72
election,finish,72
election,legislative,72
election,number,72
election,place,72
election,seats,72
election,thai,72
finish,legislative,72
finish,number,72
finish,party,72
finish,place,72
finish,seats,72
finish,thai,72
legislative,number,72
legislative,party,72
legislative,place,72
legislative,seats,72
legislative,thai,72
number,party,72
number,place,72
number,seats,72
number,thai,72
party,place,72
party,thai,72
place,seats,72
place,thai,72
seats,thai,72
cap,november,71
market,november,71
6pt5,magnitude,71
company,november,71
2027,run,71
2027,first,71
cabinet,first,71
first,leave,71
first,trump,71
billboard,january,71
kamala,lead,70
iran,strike,70
largest,november,70
november,world,70
6pt5,higher,70
6pt5,there,70
6pt5,worldwide,70
more,than,69
december,token,69
january,strike,69
between,temperature,68
february,not,68
iran,january,68
us,venezuela,68
actor,win,68
lead,rcp,67
outstanding,win,67
performance,win,67
march,released,66
company,june,66
album,week,66
gc,hit,66
200,album,65
200,billboard,65
200,week,65
album,billboard,65
march,trump,64
friday,next,64
democratic,win,64
2025,february,64
2026,israel,64
march,token,63
republican,win,63
december,hit,63
2025,global,63
2025,increase,63
2026,strike,63
new,trump,62
iran,military,62
2025,temperature,62
earthquakes,exactly,62
any,more,61
increase,november,61
2025,bitcoin,61
2025,between,61
between,global,61
february,total,61
february,tsa,61
february,high,61
december,us,60
launch,march,60
meet,trump,60
6pt5,earthquakes,60
6pt5,exactly,60
hit,si,60
february,number,60
february,passengers,60
february,reported,60
june,trump,59
hamas,israel,59
friday,trump,59
december,increase,59
2026,trump,59
epstein,february,59
donald,trump,58
action,military,58
against,military,58
israel,yemen,58
hit,mrbeast,58
january,total,58
bitcoin,dip,57
meet,putin,56
february,trump,56
election,presidential,56
ceasefire,hamas,56
december,russia,56
another,us,56
between,home,56
between,median,56
between,value,56
february,files,56
next,out,55
2027,us,55
2025,submission,55
february,iran,55
june,launch,54
inflation,november,54
fight,night,54
january,not,54
2026,card,54
july,us,53
ai,model,53
epstein,march,53
2027,leader,53
2026,low,53
app,store,52
january,there,52
swift,taylor,52
israel,september,52
march,russia,52
2026,bitcoin,52
december,inflation,52
night,win,52
2027,ipo,52
2026,rookie,52
above,card,52
above,rookie,52
card,february,52
card,rookie,52
february,rookie,52
meet,zelenskyy,51
november,trump,51
november,us,51
airdrop,june,51
august,trump,51
tariff,trump,51
party,win,51
fight,win,51
cases,us,50
next,trump,50
kamala,rcp,50
israel,january,50
fight,ufc,50
night,ufc,50
hit,june,49
june,us,49
friday,israel,49
more,state,49
points,state,49
march,out,49
2025,dip,49
israel,strikes,49
all,capture,49
all,russia,49
january,number,49
january,passengers,49
january,reported,49
january,tsa,49
2022,march,48
against,iran,48
bill,funding,48
forces,us,48
gold,hit,48
announces,trump,48
leader,next,48
home,march,48
march,median,48
march,value,48
ethereum,hit,47
putin,zelenskyy,47
drug,trump,47
beat,state,47
candidate,republican,47
say,trump,47
files,march,47
february,named,47
february,newly,47
action,against,46
deadline,traded,46
2025,reach,46
hit,january,46
ai,june,46
february,song,46
hit,march,45
korea,north,45
december,strike,45
february,russia,45
2026,venezuela,45
boat,drug,45
boat,trump,45
drug,new,45
march,named,45
march,newly,45
elon,musk,44
hit,jun,44
increase,less,44
bowl,super,44
tariffs,trump,44
deal,us,44
deadline,trade,44
trade,traded,44
2026,april,44
february,low,44
there,us,43
after,decreases,43
bps,decreases,43
decreases,interest,43
decreases,meeting,43
decreases,rates,43
vote,win,43
2026,another,43
2025,deadline,43
2025,trade,43
2025,traded,43
june,model,43
2026,jun,43
chiefs,points,42
december,out,42
march,not,42
2026,september,42
appear,december,42
appear,podcast,42
appear,uponly,42
december,podcast,42
december,uponly,42
podcast,uponly,42
january,strikes,42
gc,high,42
february,march,42
launch,september,41
billion,hit,41
out,president,41
russia,ukraine,41
eagles,points,41
candidate,democratic,41
presidential,win,41
2026,new,41
increase,january,41
files,trump,41
32nd,actor,41
32nd,awards,41
32nd,cast,41
32nd,motion,41
32nd,outstanding,41
32nd,performance,41
32nd,picture,41
actor,cast,41
actor,motion,41
actor,picture,41
awards,cast,41
awards,motion,41
